403,2022-12-06 17-14-24
418,2022-12-06 17-14-24
424,2022-12-06 17-14-24
431,2022-12-06 17-14-24
433,2022-12-06 17-14-24
444,2022-12-06 17-14-24
445,2022-12-06 17-14-24
457,2022-12-06 17-14-24
458,2022-12-06 17-14-24
463,2022-12-06 17-14-24
465,2022-12-06 17-14-24
469,2022-12-06 17-14-24
470,2022-12-06 17-14-24
472,2022-12-06 17-14-24
472,2022-12-06 17-14-24
474,2022-12-06 17-14-24
474,2022-12-06 17-14-24
474,2022-12-06 17-14-24
474,2022-12-06 17-14-24
477,2022-12-06 17-14-24
479,2022-12-06 17-14-24
481,2022-12-06 17-14-24
481,2022-12-06 17-14-24
480,2022-12-06 17-14-24
477,2022-12-06 17-14-24
475,2022-12-06 17-14-24
472,2022-12-06 17-14-24
469,2022-12-06 17-14-24
468,2022-12-06 17-14-24
469,2022-12-06 17-14-24
469,2022-12-06 17-14-24
470,2022-12-06 17-14-24
472,2022-12-06 17-14-24
473,2022-12-06 17-14-24
477,2022-12-06 17-14-24
481,2022-12-06 17-14-24
487,2022-12-06 17-14-24
493,2022-12-06 17-14-24
498,2022-12-06 17-14-24
502,2022-12-06 17-14-24
504,2022-12-06 17-14-24
507,2022-12-06 17-14-24
509,2022-12-06 17-14-24
508,2022-12-06 17-14-24
506,2022-12-06 17-14-24
504,2022-12-06 17-14-24
502,2022-12-06 17-14-24
499,2022-12-06 17-14-24
497,2022-12-06 17-14-24
496,2022-12-06 17-14-24
496,2022-12-06 17-14-24
496,2022-12-06 17-14-24
495,2022-12-06 17-14-24
492,2022-12-06 17-14-24
490,2022-12-06 17-14-24
492,2022-12-06 17-14-24
491,2022-12-06 17-14-24
493,2022-12-06 17-14-24
495,2022-12-06 17-14-24
497,2022-12-06 17-14-24
498,2022-12-06 17-14-24
500,2022-12-06 17-14-24
502,2022-12-06 17-14-24
502,2022-12-06 17-14-24
501,2022-12-06 17-14-24
503,2022-12-06 17-14-24
501,2022-12-06 17-14-24
501,2022-12-06 17-14-24
498,2022-12-06 17-14-24
497,2022-12-06 17-14-24
497,2022-12-06 17-14-24
498,2022-12-06 17-14-24
499,2022-12-06 17-14-24
500,2022-12-06 17-14-24
501,2022-12-06 17-14-24
503,2022-12-06 17-14-24
502,2022-12-06 17-14-24
502,2022-12-06 17-14-24
502,2022-12-06 17-14-24
501,2022-12-06 17-14-24
502,2022-12-06 17-14-24
503,2022-12-06 17-14-24
503,2022-12-06 17-14-24
502,2022-12-06 17-14-24
502,2022-12-06 17-14-24
502,2022-12-06 17-14-24
504,2022-12-06 17-14-24
502,2022-12-06 17-14-24
502,2022-12-06 17-14-24
501,2022-12-06 17-14-24
502,2022-12-06 17-14-24
502,2022-12-06 17-14-24
502,2022-12-06 17-14-24
503,2022-12-06 17-14-24
504,2022-12-06 17-14-24
504,2022-12-06 17-14-24
506,2022-12-06 17-14-24
506,2022-12-06 17-14-24
507,2022-12-06 17-14-24
506,2022-12-06 17-14-24
506,2022-12-06 17-14-24
447,2022-12-09 18-06-48
500,2022-12-09 18-06-48
557,2022-12-09 18-06-48
595,2022-12-09 18-06-48
620,2022-12-09 18-06-48
624,2022-12-09 18-06-48
612,2022-12-09 18-06-48
592,2022-12-09 18-06-48
569,2022-12-09 18-06-48
545,2022-12-09 18-06-48
531,2022-12-09 18-06-48
515,2022-12-09 18-06-48
508,2022-12-09 18-06-48
501,2022-12-09 18-06-48
494,2022-12-09 18-06-48
491,2022-12-09 18-06-48
494,2022-12-09 18-06-48
498,2022-12-09 18-06-48
506,2022-12-09 18-06-48
514,2022-12-09 18-06-48
516,2022-12-09 18-06-48
514,2022-12-09 18-06-48
513,2022-12-09 18-06-48
515,2022-12-09 18-06-48
515,2022-12-09 18-06-48
516,2022-12-09 18-06-48
515,2022-12-09 18-06-48
514,2022-12-09 18-06-48
514,2022-12-09 18-06-48
515,2022-12-09 18-06-48
514,2022-12-09 18-06-48
512,2022-12-09 18-06-48
512,2022-12-09 18-06-48
512,2022-12-09 18-06-48
511,2022-12-09 18-06-48
509,2022-12-09 18-06-48
508,2022-12-09 18-06-48
508,2022-12-09 18-06-48
511,2022-12-09 18-06-48
514,2022-12-09 18-06-48
519,2022-12-09 18-06-48
522,2022-12-09 18-06-48
519,2022-12-09 18-06-48
515,2022-12-09 18-06-48
515,2022-12-09 18-06-48
513,2022-12-09 18-06-48
513,2022-12-09 18-06-48
513,2022-12-09 18-06-48
515,2022-12-09 18-06-48
516,2022-12-09 18-06-48
516,2022-12-09 18-06-48
522,2022-12-09 18-06-48
527,2022-12-09 18-06-48
523,2022-12-09 18-06-48
517,2022-12-09 18-06-48
513,2022-12-09 18-06-48
512,2022-12-09 18-06-48
511,2022-12-09 18-06-48
510,2022-12-09 18-06-48
508,2022-12-09 18-06-48
506,2022-12-09 18-06-48
504,2022-12-09 18-06-48
505,2022-12-09 18-06-48
506,2022-12-09 18-06-48
507,2022-12-09 18-06-48
506,2022-12-09 18-06-48
507,2022-12-09 18-06-48
509,2022-12-09 18-06-48
512,2022-12-09 18-06-48
515,2022-12-09 18-06-48
514,2022-12-09 18-06-48
517,2022-12-09 18-06-48
517,2022-12-09 18-06-48
515,2022-12-09 18-06-48
514,2022-12-09 18-06-48
517,2022-12-09 18-06-48
517,2022-12-09 18-06-48
515,2022-12-09 18-06-48
516,2022-12-09 18-06-48
519,2022-12-09 18-06-48
520,2022-12-09 18-06-48
520,2022-12-09 18-06-48
521,2022-12-09 18-06-48
520,2022-12-09 18-06-48
518,2022-12-09 18-06-48
516,2022-12-09 18-06-48
518,2022-12-09 18-06-48
516,2022-12-09 18-06-48
519,2022-12-09 18-06-48
520,2022-12-09 18-06-48
518,2022-12-09 18-06-48
519,2022-12-09 18-06-48
518,2022-12-09 18-06-48
522,2022-12-09 18-06-48
521,2022-12-09 18-06-48
519,2022-12-09 18-06-48
520,2022-12-09 18-06-48
520,2022-12-09 18-06-48
517,2022-12-09 18-06-48
513,2022-12-09 18-06-48
512,2022-12-09 18-06-48
472,2022-12-09 18-33-41
510,2022-12-09 18-33-41
547,2022-12-09 18-33-41
566,2022-12-09 18-33-41
576,2022-12-09 18-33-41
577,2022-12-09 18-33-41
570,2022-12-09 18-33-41
563,2022-12-09 18-33-41
549,2022-12-09 18-33-41
536,2022-12-09 18-33-41
525,2022-12-09 18-33-41
516,2022-12-09 18-33-41
508,2022-12-09 18-33-41
504,2022-12-09 18-33-41
500,2022-12-09 18-33-41
498,2022-12-09 18-33-41
506,2022-12-09 18-33-41
510,2022-12-09 18-33-41
512,2022-12-09 18-33-41
513,2022-12-09 18-33-41
514,2022-12-09 18-33-41
515,2022-12-09 18-33-41
513,2022-12-09 18-33-41
514,2022-12-09 18-33-41
517,2022-12-09 18-33-41
520,2022-12-09 18-33-41
520,2022-12-09 18-33-41
520,2022-12-09 18-33-41
518,2022-12-09 18-33-41
516,2022-12-09 18-33-41
515,2022-12-09 18-33-41
515,2022-12-09 18-33-41
516,2022-12-09 18-33-41
518,2022-12-09 18-33-41
517,2022-12-09 18-33-41
519,2022-12-09 18-33-41
519,2022-12-09 18-33-41
517,2022-12-09 18-33-41
515,2022-12-09 18-33-41
510,2022-12-09 18-33-41
508,2022-12-09 18-33-41
506,2022-12-09 18-33-41
507,2022-12-09 18-33-41
510,2022-12-09 18-33-41
516,2022-12-09 18-33-41
518,2022-12-09 18-33-41
516,2022-12-09 18-33-41
516,2022-12-09 18-33-41
517,2022-12-09 18-33-41
518,2022-12-09 18-33-41
514,2022-12-09 18-33-41
514,2022-12-09 18-33-41
515,2022-12-09 18-33-41
516,2022-12-09 18-33-41
519,2022-12-09 18-33-41
521,2022-12-09 18-33-41
521,2022-12-09 18-33-41
519,2022-12-09 18-33-41
518,2022-12-09 18-33-41
515,2022-12-09 18-33-41
513,2022-12-09 18-33-41
511,2022-12-09 18-33-41
511,2022-12-09 18-33-41
508,2022-12-09 18-33-41
507,2022-12-09 18-33-41
511,2022-12-09 18-33-41
513,2022-12-09 18-33-41
516,2022-12-09 18-33-41
518,2022-12-09 18-33-41
520,2022-12-09 18-33-41
518,2022-12-09 18-33-41
516,2022-12-09 18-33-41
514,2022-12-09 18-33-41
513,2022-12-09 18-33-41
513,2022-12-09 18-33-41
514,2022-12-09 18-33-41
518,2022-12-09 18-33-41
517,2022-12-09 18-33-41
517,2022-12-09 18-33-41
515,2022-12-09 18-33-41
515,2022-12-09 18-33-41
512,2022-12-09 18-33-41
512,2022-12-09 18-33-41
512,2022-12-09 18-33-41
512,2022-12-09 18-33-41
512,2022-12-09 18-33-41
515,2022-12-09 18-33-41
517,2022-12-09 18-33-41
517,2022-12-09 18-33-41
516,2022-12-09 18-33-41
516,2022-12-09 18-33-41
514,2022-12-09 18-33-41
514,2022-12-09 18-33-41
516,2022-12-09 18-33-41
514,2022-12-09 18-33-41
515,2022-12-09 18-33-41
514,2022-12-09 18-33-41
518,2022-12-09 18-33-41
517,2022-12-09 18-33-41
515,2022-12-09 18-33-41
514,2022-12-09 18-33-41
472,2022-12-09 18-42-10
511,2022-12-09 18-42-10
547,2022-12-09 18-42-10
565,2022-12-09 18-42-10
576,2022-12-09 18-42-10
577,2022-12-09 18-42-10
571,2022-12-09 18-42-10
560,2022-12-09 18-42-10
545,2022-12-09 18-42-10
531,2022-12-09 18-42-10
519,2022-12-09 18-42-10
510,2022-12-09 18-42-10
503,2022-12-09 18-42-10
502,2022-12-09 18-42-10
499,2022-12-09 18-42-10
501,2022-12-09 18-42-10
506,2022-12-09 18-42-10
511,2022-12-09 18-42-10
516,2022-12-09 18-42-10
518,2022-12-09 18-42-10
519,2022-12-09 18-42-10
518,2022-12-09 18-42-10
518,2022-12-09 18-42-10
516,2022-12-09 18-42-10
514,2022-12-09 18-42-10
514,2022-12-09 18-42-10
511,2022-12-09 18-42-10
510,2022-12-09 18-42-10
511,2022-12-09 18-42-10
513,2022-12-09 18-42-10
515,2022-12-09 18-42-10
517,2022-12-09 18-42-10
517,2022-12-09 18-42-10
517,2022-12-09 18-42-10
519,2022-12-09 18-42-10
520,2022-12-09 18-42-10
519,2022-12-09 18-42-10
517,2022-12-09 18-42-10
516,2022-12-09 18-42-10
517,2022-12-09 18-42-10
516,2022-12-09 18-42-10
513,2022-12-09 18-42-10
511,2022-12-09 18-42-10
510,2022-12-09 18-42-10
511,2022-12-09 18-42-10
513,2022-12-09 18-42-10
513,2022-12-09 18-42-10
513,2022-12-09 18-42-10
514,2022-12-09 18-42-10
517,2022-12-09 18-42-10
517,2022-12-09 18-42-10
518,2022-12-09 18-42-10
520,2022-12-09 18-42-10
518,2022-12-09 18-42-10
517,2022-12-09 18-42-10
514,2022-12-09 18-42-10
514,2022-12-09 18-42-10
512,2022-12-09 18-42-10
512,2022-12-09 18-42-10
511,2022-12-09 18-42-10
509,2022-12-09 18-42-10
512,2022-12-09 18-42-10
516,2022-12-09 18-42-10
518,2022-12-09 18-42-10
518,2022-12-09 18-42-10
519,2022-12-09 18-42-10
520,2022-12-09 18-42-10
519,2022-12-09 18-42-10
519,2022-12-09 18-42-10
519,2022-12-09 18-42-10
518,2022-12-09 18-42-10
516,2022-12-09 18-42-10
516,2022-12-09 18-42-10
514,2022-12-09 18-42-10
513,2022-12-09 18-42-10
512,2022-12-09 18-42-10
512,2022-12-09 18-42-10
517,2022-12-09 18-42-10
521,2022-12-09 18-42-10
519,2022-12-09 18-42-10
516,2022-12-09 18-42-10
512,2022-12-09 18-42-10
510,2022-12-09 18-42-10
512,2022-12-09 18-42-10
513,2022-12-09 18-42-10
512,2022-12-09 18-42-10
513,2022-12-09 18-42-10
516,2022-12-09 18-42-10
518,2022-12-09 18-42-10
519,2022-12-09 18-42-10
519,2022-12-09 18-42-10
520,2022-12-09 18-42-10
518,2022-12-09 18-42-10
517,2022-12-09 18-42-10
518,2022-12-09 18-42-10
518,2022-12-09 18-42-10
514,2022-12-09 18-42-10
512,2022-12-09 18-42-10
514,2022-12-09 18-42-10
516,2022-12-09 18-42-10
515,2022-12-09 18-42-10
461,2022-12-09 18-42-10
470,2022-12-09 18-42-10
492,2022-12-09 18-42-10
515,2022-12-09 18-42-10
529,2022-12-09 18-42-10
537,2022-12-09 18-42-10
535,2022-12-09 18-42-10
539,2022-12-09 18-42-10
539,2022-12-09 18-42-10
536,2022-12-09 18-42-10
530,2022-12-09 18-42-10
526,2022-12-09 18-42-10
530,2022-12-09 18-42-10
522,2022-12-09 18-42-10
524,2022-12-09 18-42-10
522,2022-12-09 18-42-10
521,2022-12-09 18-42-10
522,2022-12-09 18-42-10
524,2022-12-09 18-42-10
530,2022-12-09 18-42-10
527,2022-12-09 18-42-10
538,2022-12-09 18-42-10
536,2022-12-09 18-42-10
539,2022-12-09 18-42-10
539,2022-12-09 18-42-10
537,2022-12-09 18-42-10
533,2022-12-09 18-42-10
529,2022-12-09 18-42-10
529,2022-12-09 18-42-10
525,2022-12-09 18-42-10
521,2022-12-09 18-42-10
515,2022-12-09 18-42-10
513,2022-12-09 18-42-10
517,2022-12-09 18-42-10
517,2022-12-09 18-42-10
518,2022-12-09 18-42-10
516,2022-12-09 18-42-10
513,2022-12-09 18-42-10
510,2022-12-09 18-42-10
509,2022-12-09 18-42-10
508,2022-12-09 18-42-10
506,2022-12-09 18-42-10
506,2022-12-09 18-42-10
511,2022-12-09 18-42-10
512,2022-12-09 18-42-10
511,2022-12-09 18-42-10
511,2022-12-09 18-42-10
510,2022-12-09 18-42-10
508,2022-12-09 18-42-10
505,2022-12-09 18-42-10
502,2022-12-09 18-42-10
498,2022-12-09 18-42-10
496,2022-12-09 18-42-10
494,2022-12-09 18-42-10
496,2022-12-09 18-42-10
494,2022-12-09 18-42-10
489,2022-12-09 18-42-10
486,2022-12-09 18-42-10
488,2022-12-09 18-42-10
489,2022-12-09 18-42-10
493,2022-12-09 18-42-10
497,2022-12-09 18-42-10
502,2022-12-09 18-42-10
507,2022-12-09 18-42-10
509,2022-12-09 18-42-10
518,2022-12-09 18-42-10
520,2022-12-09 18-42-10
519,2022-12-09 18-42-10
518,2022-12-09 18-42-10
517,2022-12-09 18-42-10
514,2022-12-09 18-42-10
513,2022-12-09 18-42-10
513,2022-12-09 18-42-10
512,2022-12-09 18-42-10
510,2022-12-09 18-42-10
514,2022-12-09 18-42-10
515,2022-12-09 18-42-10
518,2022-12-09 18-42-10
520,2022-12-09 18-42-10
521,2022-12-09 18-42-10
521,2022-12-09 18-42-10
518,2022-12-09 18-42-10
516,2022-12-09 18-42-10
516,2022-12-09 18-42-10
516,2022-12-09 18-42-10
519,2022-12-09 18-42-10
517,2022-12-09 18-42-10
516,2022-12-09 18-42-10
516,2022-12-09 18-42-10
514,2022-12-09 18-42-10
515,2022-12-09 18-42-10
515,2022-12-09 18-42-10
512,2022-12-09 18-42-10
511,2022-12-09 18-42-10
512,2022-12-09 18-42-10
511,2022-12-09 18-42-10
513,2022-12-09 18-42-10
513,2022-12-09 18-42-10
512,2022-12-09 18-42-10
513,2022-12-09 18-42-10
516,2022-12-09 18-42-10
514,2022-12-09 18-53-06
515,2022-12-09 18-53-06
516,2022-12-09 18-53-06
516,2022-12-09 18-53-06
515,2022-12-09 18-53-06
514,2022-12-09 18-53-06
517,2022-12-09 18-53-06
516,2022-12-09 18-53-06
513,2022-12-09 18-53-06
514,2022-12-09 18-53-06
514,2022-12-09 18-53-06
5,2022-12-09 18-53-06
514,2022-12-09 18-53-06
516,2022-12-09 18-53-06
515,2022-12-09 18-53-06
516,2022-12-09 18-53-06
516,2022-12-09 18-53-06
515,2022-12-09 18-53-06
517,2022-12-09 18-53-06
516,2022-12-09 18-53-06
515,2022-12-09 18-53-06
514,2022-12-09 18-53-06
516,2022-12-09 18-53-06
517,2022-12-09 18-53-06
516,2022-12-09 18-53-06
516,2022-12-09 18-53-06
514,2022-12-09 18-53-06
515,2022-12-09 18-53-06
516,2022-12-09 18-53-06
516,2022-12-09 18-53-06
515,2022-12-09 18-53-06
514,2022-12-09 18-53-06
517,2022-12-09 18-53-06
516,2022-12-09 18-53-06
513,2022-12-09 18-53-06
514,2022-12-09 18-53-06
514,2022-12-09 18-53-06
479,2022-12-09 18-53-06
475,2022-12-09 18-53-06
511,2022-12-09 18-53-06
550,2022-12-09 18-53-06
570,2022-12-09 18-53-06
582,2022-12-09 18-53-06
582,2022-12-09 18-53-06
573,2022-12-09 18-53-06
557,2022-12-09 18-53-06
541,2022-12-09 18-53-06
528,2022-12-09 18-53-06
519,2022-12-09 18-53-06
511,2022-12-09 18-53-06
504,2022-12-09 18-53-06
500,2022-12-09 18-53-06
500,2022-12-09 18-53-06
500,2022-12-09 18-53-06
502,2022-12-09 18-53-06
507,2022-12-09 18-53-06
512,2022-12-09 18-53-06
512,2022-12-09 18-53-06
517,2022-12-09 18-53-06
523,2022-12-09 18-53-06
524,2022-12-09 18-53-06
523,2022-12-09 18-53-06
521,2022-12-09 18-53-06
517,2022-12-09 18-53-06
516,2022-12-09 18-53-06
515,2022-12-09 18-53-06
512,2022-12-09 18-53-06
513,2022-12-09 18-53-06
512,2022-12-09 18-53-06
515,2022-12-09 18-53-06
513,2022-12-09 18-53-06
513,2022-12-09 18-53-06
514,2022-12-09 18-53-06
514,2022-12-09 18-53-06
513,2022-12-09 18-53-06
515,2022-12-09 18-53-06
516,2022-12-09 18-53-06
514,2022-12-09 18-53-06
515,2022-12-09 18-53-06
519,2022-12-09 18-53-06
519,2022-12-09 18-53-06
519,2022-12-09 18-53-06
515,2022-12-09 18-53-06
514,2022-12-09 18-53-06
514,2022-12-09 18-53-06
514,2022-12-09 18-53-06
514,2022-12-09 18-53-06
513,2022-12-09 18-53-06
514,2022-12-09 18-53-06
513,2022-12-09 18-53-06
516,2022-12-09 18-53-06
516,2022-12-09 18-53-06
517,2022-12-09 18-53-06
514,2022-12-09 18-53-06
513,2022-12-09 18-53-06
512,2022-12-09 18-53-06
512,2022-12-09 18-53-06
510,2022-12-09 18-53-06
512,2022-12-09 18-53-06
513,2022-12-09 18-53-06
519,2022-12-09 18-53-06
